product,category,brand,price,image
Green Tea Hyaluronic Acid Hydrating Moisturizer,Moisturizer,innisfree,33,"https://www.sephora.com/productimages/sku/s2635217-main-zoom.jpg?imwidth=164"
Priming Moisturizer Lightweight Buildable Face Cream,Moisturizer,Glossier,31,"https://www.sephora.com/productimages/sku/s2649531-main-zoom.jpg?pb=2020-03-sephora-clean-2019&imwidth=164"
After Baume Moisture Barrier Recovery Cream,Moisturizer,Glossier,36,https://www.sephora.com/productimages/sku/s2636736-main-zoom.jpg?pb=2020-03-sephora-clean-2019&imwidth=164
Ultra Facial Moisturizing Cream with Squalane,Moisturizer,Kiehl's Since 1851,80,https://www.sephora.com/productimages/sku/s2666386-main-zoom.jpg?pb=2020-03-sephora-clean-2019&imwidth=164
Priming Moisturizer Balance Oil-Control Gel-Cream,Moisturizer,Glossier,32,https://www.sephora.com/productimages/sku/s2649523-main-zoom.jpg?pb=2020-03-sephora-clean-2019&imwidth=164
Ceramidin™ Skin Barrier Moisturizing Cream,Moisturizer,Dr. Jart+,63,https://www.sephora.com/productimages/sku/s2640662-main-zoom.jpg?imwidth=164
Polypeptide-121 Future Cream with Peptides and Ceramides,Moisturizer,Youth To The People,89,https://www.sephora.com/productimages/sku/s2589752-main-zoom.jpg?pb=clean-planet-positive-badge-2021&imwidth=164
Amazonian Clay BB Tinted Moisturizer,Moisturizer,Tarte,51,https://www.sephora.com/productimages/sku/s800193-main-zoom.jpg?imwidth=164
Nutrient-Charged Water Gel,Moisturizer,Murad,91,https://www.sephora.com/productimages/sku/s2210292-main-zoom.jpg?imwidth=164
Radiant Skincare Day & Night Gift Set,Moisturizer,fresh,76,https://www.sephora.com/productimages/sku/s2645927-main-zoom.jpg?pb=2020-03-sephora-clean-2019&imwidth=164
GinZing™ Energizing Gel Cream with Caffeine & Niacinamide,Moisturizer,Origins,45,https://www.sephora.com/productimages/sku/s2600773-main-zoom.jpg?pb=2020-03-sephora-clean-2019&imwidth=164
HydraKate Recharging Water Cream Moisturizer,Moisturizer,Kate Somerville,99,https://www.sephora.com/productimages/sku/s2607919-main-zoom.jpg?imwidth=164
Essential Comfort Moisture Cream,Moisturizer,Sulwhasoo,105,https://www.sephora.com/productimages/sku/s2535532-main-zoom.jpg?imwidth=164
Super Restorative Night Age Spot Correcting Replenishing Cream,Moisturizer,Clarins,134,https://www.sephora.com/productimages/sku/s1649854-main-zoom.jpg?imwidth=164
Avocado Ceramide Moisture Barrier Cleanser,Face Wash,Glow Recipe,37,https://www.sephora.com/productimages/sku/s2661239-main-zoom.jpg?pb=clean-planet-positive-badge-2021&imwidth=164
Aquarius BHA + Blue Tansy Clarifying Cleanser,Face Wash,Herbivore,34,https://www.sephora.com/productimages/sku/s2575157-main-zoom.jpg?pb=clean-planet-positive-badge-2021&imwidth=164
Cleanser Concentrate AHA Clarifying and Exfoliating Face Wash,Face Wash,Glossier,27,https://www.sephora.com/productimages/sku/s2649549-main-zoom.jpg?pb=2020-03-sephora-clean-2019&imwidth=164
Melt Awf Jelly Oil Makeup-Melting Cleanser,Face Wash,Fenty Skin,44,https://www.sephora.com/productimages/sku/s2648756-main-zoom.jpg?pb=2020-03-sephora-clean-2019&imwidth=164
Milky Oil Dual-Phase Waterproof Makeup Remover,Face Wash,Glossier,18,https://www.sephora.com/productimages/sku/s2636744-main-zoom.jpg?pb=2020-03-sephora-clean-2019&imwidth=164
Milky Oil Dual-Phase Waterproof Makeup Remover,Makeup Remover,Glossier,18,https://www.sephora.com/productimages/sku/s2636744-main-zoom.jpg?pb=2020-03-sephora-clean-2019&imwidth=164
Peaches 'N Clean Makeup Removing Cleansing Balm,Makeup Remover,Farmacy,46,https://www.sephora.com/productimages/sku/s2588770-main-zoom.jpg?pb=clean-planet-positive-badge-2021&imwidth=164
2-in-1 Cleansing Oil + Makeup Remover,Makeup Remover,First Aid Beauty,34,https://www.sephora.com/productimages/sku/s2532034-main-zoom.jpg?pb=2020-03-sephora-clean-2019&imwidth=164
Papaya Sorbet Smoothing Enzyme Cleansing Balm & Makeup Remover,Makeup Remover,Glow Recipe,42,https://www.sephora.com/productimages/sku/s2371516-main-zoom.jpg?pb=clean-planet-positive-badge-2021&imwidth=164
Alpha Beta® AHA/BHA Daily Cleansing Gel,Makeup Remover,Dr. Dennis Gross Skincare,78,https://www.sephora.com/productimages/sku/s2534063-main-zoom.jpg?pb=2020-03-sephora-clean-2019&imwidth=164
Vinoclean Makeup Removing Cleansing Oil,Makeup Remover,Caudalie,38,https://www.sephora.com/productimages/sku/s2062503-main-zoom.jpg?pb=clean-planet-positive-badge-2021&imwidth=164
E-Rase™ Milki Micellar Water,Makeup Remover,Drunk Elephant,37,https://www.sephora.com/productimages/sku/s2382489-main-zoom.jpg?pb=2020-03-sephora-clean-2019&imwidth=164
Gentle Oil-Free Eye Makeup Remover,Makeup Remover,NARS,34,https://www.sephora.com/productimages/sku/s1388859-main-zoom.jpg?imwidth=164
The Original MakeUp Eraser® Makeup Remover Cloth,Makeup Remover,The Original MakeUp Eraser,26,https://www.sephora.com/productimages/sku/s1702950-main-zoom.jpg?imwidth=164
Waterproof Eye Makeup Remover,Makeup Remover,SEPHORA COLLECTION,22,https://www.sephora.com/productimages/sku/s1258284-main-zoom.jpg?pb=2020-03-sephora-value-2020&imwidth=164
Bi-Facil Double-Action Eye Makeup Remover,Makeup Remover,Lancôme,90,https://www.sephora.com/productimages/sku/s534628-main-zoom.jpg?imwidth=164
Cleanse Off Oil,Makeup Remover,MAC Cosmetics,45,https://www.sephora.com/productimages/sku/s2099562-main-zoom.jpg?imwidth=164
Biocils Eye Make-up Remover Express,Makeup Remover,Biotherm,29,https://www.sephora.com/productimages/sku/s1878453-main-zoom.jpg?imwidth=164
Rinse-Off Eye Makeup Solvent,Makeup Remover,CLINIQUE,31,https://www.sephora.com/productimages/sku/s48041-main-zoom.jpg?imwidth=164
Gently Off Eye and Lip Makeup Remover,Makeup Remover,MAC Cosmetics,28,https://www.sephora.com/productimages/sku/s2099554-main-zoom.jpg?imwidth=164
Superfood Antioxidant Refillable Cleanser,Makeup Remover,Youth To The People,89,https://www.sephora.com/productimages/sku/s1863588-main-zoom.jpg?pb=clean-planet-positive-badge-2021&imwidth=164
Azelaic Acid 10% Suspension Brightening Cream,Face Serum,The Ordinary,32.4,https://www.sephora.com/productimages/sku/s2031458-main-zoom.jpg?imwidth=164
Super Bounce Hyaluronic Acid + Vitamin B5 Hydrating Face Serum,Face Serum,Glossier,37,https://www.sephora.com/productimages/sku/s2649481-main-zoom.jpg?pb=2020-03-sephora-clean-2019&imwidth=164
C15 Vitamin C Super Booster,Face Serum,Paula's Choice,75,https://www.sephora.com/productimages/sku/s2421337-main-zoom.jpg?imwidth=164
Futuredew Facial Oil-Serum Hybrid,Face Serum,Glossier,34,https://www.sephora.com/productimages/sku/s2649507-main-zoom.jpg?pb=2020-03-sephora-clean-2019&imwidth=164
Super Pure Clarifying Face Serum with Niacinamide + Zinc,Face Serum,Glossier,37,https://www.sephora.com/productimages/sku/s2649499-main-zoom.jpg?pb=2020-03-sephora-clean-2019&imwidth=164
CLINICAL 1% Retinol Treatment,Face Serum,Paula's Choice,85,https://www.sephora.com/productimages/sku/s2421295-main-zoom.jpg?imwidth=164
SuperSolutions 20% Niacinamide Serum,Face Serum,The INKEY List,22.99,https://www.sephora.com/productimages/sku/s2621498-main-zoom.jpg?pb=clean-planet-positive-badge-2021&imwidth=164
Strawberry Smooth BHA + AHA Salicylic Acid Serum,Face Serum,Glow Recipe,57,https://www.sephora.com/productimages/sku/s2535615-main-zoom.jpg?pb=clean-planet-positive-badge-2021&imwidth=164
Plump + Juicy Vegan Collagen + Probiotic Spray-On Serum,Face Serum,Kosas,61,https://www.sephora.com/productimages/sku/s2620227-main-zoom.jpg?pb=2020-03-sephora-clean-2019&imwidth=164
Hyper Real Serumizer,Face Serum,MAC Cosmetics,75,https://www.sephora.com/productimages/sku/s2654390-main-zoom.jpg?imwidth=164
Capture Totale Le Sérum Anti-Aging Serum,Face Serum,Dior,125,https://www.sephora.com/productimages/sku/s2642684-main-zoom.jpg?imwidth=164
Dynamic Skin Retinol Serum,Face Serum,Dermalogica,128,https://www.sephora.com/productimages/sku/s2640365-main-zoom.jpg?imwidth=164
Ageless 10% Phyto-Retinol Night Concentrate,Face Serum,bareMinerals,81,https://www.sephora.com/productimages/sku/s2658268-main-zoom.jpg?imwidth=164
Day Dream Vitamin C + Hydration Serum Duo 2.0,Face Serum,Drunk Elephant,33,https://www.sephora.com/productimages/sku/s2481596-main-zoom.jpg?pb=2020-03-sephora-clean-2019&imwidth=164
Equilibrium Resurfacing Retinoid Treatment,Face Serum,Hourglass,140,https://www.sephora.com/productimages/sku/s2637726-main-zoom.jpg?imwidth=164
SuperSolutions 10% Azelaic Serum,Face Serum,The INKEY List,22.99,https://www.sephora.com/productimages/sku/s2621506-main-zoom.jpg?pb=2020-03-sephora-clean-2019&imwidth=164
Pout Preserve Peptide Lip Treatment,Lip Balm & Treatment,OLEHENRIKSEN,29,https://www.sephora.com/productimages/sku/s2648467-main-zoom.jpg?pb=2020-03-sephora-clean-2019&imwidth=164
Plush Puddin’ Intensive Recovery Lip Mask With Pomegranate Sterols + Vitamin E,Lip Balm & Treatment,Fenty Skin,29,https://www.sephora.com/productimages/sku/s2619997-main-zoom.jpg?pb=2020-03-sephora-clean-2019&imwidth=164
Kissu Lip Mask Duo,Lip Balm & Treatment,Tatcha,62,https://www.sephora.com/productimages/sku/s2653392-main-zoom.jpg?pb=2020-03-sephora-clean-2019&imwidth=164
Cherry Treat Conditioning + Strengthening Lip Oil,Lip Balm & Treatment,Fenty Skin,31,https://www.sephora.com/productimages/sku/s2536423-main-zoom.jpg?pb=2020-03-sephora-clean-2019&imwidth=164
Sugar Triple-Action Lip Serum Advanced Therapy,Lip Balm & Treatment,fresh,48,https://www.sephora.com/productimages/sku/s2493658-main-zoom.jpg?pb=2020-03-sephora-clean-2019&imwidth=164
Sugar Lip Balm Hydrating Treatment,Lip Balm & Treatment,fresh,33,https://www.sephora.com/productimages/sku/s2594489-main-zoom.jpg?pb=2020-03-sephora-clean-2019&imwidth=164
Aqua Bomb Overnight Lip Mask,Lip Balm & Treatment,belif,25,https://www.sephora.com/productimages/sku/s2484434-main-zoom.jpg?imwidth=164
Dior Addict Lip Glow,Lip Balm & Treatment,Dior,50,https://www.sephora.com/productimages/sku/s2447043-main-zoom.jpg?imwidth=164
Speak Love Glossy Lip Treatment Oil,Lip Balm & Treatment,LYS Beauty,16,https://www.sephora.com/productimages/sku/s2437549-main-zoom.jpg?pb=2020-03-sephora-clean-2019&imwidth=164
Perfecting Lip Scrub,Lip Balm & Treatment,MAKEUP BY MARIO,31,https://www.sephora.com/productimages/sku/s2502441-main-zoom.jpg?imwidth=164
Vegan Hydrating Lip Balm,Lip Balm & Treatment,SEPHORA COLLECTION,7,https://www.sephora.com/productimages/sku/s2387215-main-zoom.jpg?pb=2020-03-sephora-value-2020&imwidth=164
Balmy Tint Hydrating Lip Balm,Lip Balm & Treatment,ILIA,37,https://www.sephora.com/productimages/sku/s2446144-main-zoom.jpg?pb=2020-03-sephora-clean-2019&imwidth=164
Lip Treatment Balm,Lip Balm & Treatment,LANEIGE,32,https://www.sephora.com/productimages/sku/s2449908-main-zoom.jpg?imwidth=164
Moisture Therapy Lip Balm SPF 25,Lip Balm & Treatment,Jack Black,14,https://www.sephora.com/productimages/sku/s1524594-main-zoom.jpg?imwidth=164
Cactus Water Cleansing Lactic Acid Toner,Toner,Freck Beauty,44,https://www.sephora.com/productimages/sku/s2441327-main-zoom.jpg?pb=2020-03-sephora-clean-2019&imwidth=164
Teatreement™ Toner,Toner,Dr. Jart+,40,https://www.sephora.com/productimages/sku/s2300267-main-zoom.jpg?imwidth=164
Light Controlling Lotion,Toner,Erno Laszlo,20,https://www.sephora.com/productimages/sku/s1686005-main-zoom.jpg?imwidth=164
Hydraphel Skin Supplement Lotion,Toner,Erno Laszlo,60,https://www.sephora.com/productimages/sku/s1686013-main-zoom.jpg?imwidth=164
Knockout Tingle Treatment Toner,Toner,tarte,51,https://www.sephora.com/productimages/sku/s2022853-main-zoom.jpg?pb=2020-03-sephora-clean-2019&imwidth=164
Hydrating Toner,Toner,Murad,48,https://www.sephora.com/productimages/sku/s2213569-main-zoom.jpg?imwidth=164
Clarifying Toner,Toner,Murad,39,https://www.sephora.com/productimages/sku/s654236-main-zoom.jpg?imwidth=164
Aqua Bomb Hydrating Toner,Toner,belif,39,https://www.sephora.com/productimages/sku/s2280295-main-zoom.jpg?imwidth=164
Buffering Lotion,Toner,Mario Badescu,25,https://www.sephora.com/productimages/sku/s2191971-main-zoom.jpg?imwidth=164
Glycolic Acid Toner,Toner,Mario Badescu,24,https://www.sephora.com/productimages/sku/s2192086-main-zoom.jpg?imwidth=164
Urban Environment Oil-Free UV Protector Broad Spectrum Face Sunscreen SPF 42,Sunscreen,Shiseido,40,https://www.sephora.com/productimages/sku/s1452002-main-zoom.jpg?imwidth=164
Repairwear Uplifting Firming Cream Broad Spectrum SPF 15,Sunscreen,CLINIQUE,93,https://www.sephora.com/productimages/sku/s1456102-main-zoom.jpg?imwidth=164
Ultra Sun Protector Lotion SPF 50,Sunscreen,Shiseido,64,https://www.sephora.com/productimages/sku/s2430114-main-zoom.jpg?imwidth=164
UV PLUS Anti-Pollution Sunscreen Multi-Protection Tint SPF 50,Sunscreen,Clarins,48,https://www.sephora.com/productimages/sku/s1800242-main-zoom.jpg?imwidth=164
Ultra Sun Protector Cream SPF 50,Sunscreen,Shiseido,52,https://www.sephora.com/productimages/sku/s2430122-main-zoom.jpg?imwidth=164
Prisma Protect,Sunscreen,Dermalogica,26,https://www.sephora.com/productimages/sku/s2258549-main-zoom.jpg?imwidth=164
Argan Daily Moisturizer SPF 47,Sunscreen,Josie Maran,47,https://www.sephora.com/productimages/sku/s1801489-main-zoom.jpg?imwidth=164
Umbra Tinte™ Physical Daily Defense SPF 30,Sunscreen,Drunk Elephant,47,https://www.sephora.com/productimages/sku/s2182723-main-zoom.jpg?pb=2020-03-sephora-clean-2019&imwidth=164
Aqua Bomb Broad Spectrum SPF 50,Sunscreen,belif,50,https://www.sephora.com/productimages/sku/s2606689-main-zoom.jpg?imwidth=164
SPF 50 Premium Mineral Sunscreen,Sunscreen,Evereden,39,https://www.sephora.com/productimages/sku/s2614220-main-zoom.jpg?pb=2020-03-sephora-clean-2019&imwidth=164
SPF Bestsellers Kit,Sunscreen,Supergoop!,45,https://www.sephora.com/productimages/sku/s2664647-main-zoom.jpg?pb=2020-03-sephora-clean-2019&imwidth=164
Urban Environment Vita-Clear Sunscreen SPF 42,Sunscreen,Shiseido,38,https://www.sephora.com/productimages/sku/s2645851-main-zoom.jpg?imwidth=164
Urban Environment Vita-Clear Sunscreen SPF 42,Sunscreen,Shiseido,48,https://www.sephora.com/productimages/sku/s2673382-main-zoom.jpg?imwidth=164
Mineral Magic Oil-Free Mineral Sunscreen Fluid Broad Spectrum SPF 30 UVA + UVB Protection,Sunscreen,TULA Skincare,49,https://www.sephora.com/productimages/sku/s2656965-main-zoom.jpg?pb=2020-03-sephora-clean-2019&imwidth=164
Classic Face Mist SPF 50,Sunscreen,COOLA,28,https://www.sephora.com/productimages/sku/s2643971-main-zoom.jpg?pb=2020-03-sephora-clean-2019&imwidth=164
Super Fluid Daily UV Defense Sunscreen Broad Spectrum SPF 50+,Sunscreen,Kiehl's Since 1851,86,https://www.sephora.com/productimages/sku/s2666360-main-zoom.jpg?pb=2020-03-sephora-clean-2019&imwidth=164
Face Masks Fruit & Plant Extracts + Hydrating Hyaluronic Acid,Face Masks,SEPHORA COLLECTION,8,https://www.sephora.com/productimages/sku/s2614394-main-zoom.jpg?pb=2020-03-sephora-clean-2019&imwidth=164
Vitamin Face Masks,Face Masks,SEPHORA COLLECTION,7,https://www.sephora.com/productimages/sku/s2568707-main-zoom.jpg?pb=2020-03-sephora-clean-2019&imwidth=164
Overnight Hydrating Mask,Face Masks,SEPHORA COLLECTION,20,https://www.sephora.com/productimages/sku/s2592707-main-zoom.jpg?pb=clean-planet-positive-badge-2021&imwidth=164
The POREfessional Deep Retreat Pore-Clearing Kaolin Clay Mask,Face Masks,Benefit Cosmetics,49,https://www.sephora.com/productimages/sku/s2641660-main-zoom.jpg?imwidth=164
Ceramidin™ Skin Barrier Moisturizing Mask,Face Masks,Dr. Jart+,12,https://www.sephora.com/productimages/sku/s2640647-main-zoom.jpg?imwidth=164
Clean Hemp Mask,Face Masks,SEPHORA COLLECTION,7,https://www.sephora.com/productimages/sku/s2282911-main-zoom.jpg?pb=2020-03-sephora-clean-2019&imwidth=164
Wishing You Mask Wishes,Face Masks,SEPHORA COLLECTION,34,https://www.sephora.com/productimages/sku/s2579878-main-zoom.jpg?pb=2020-03-sephora-clean-2019&imwidth=164
H2Overdose Activated Mask,Face Masks,FOREO,32.95,https://www.sephora.com/productimages/sku/s2148989-main-zoom.jpg?imwidth=164
My Clarins RE-BOOST instant reviving mask,Face Masks,Clarins,28,https://www.sephora.com/productimages/sku/s2384253-main-zoom.jpg?imwidth=164
Face Mask Applicator,Face Masks,SEPHORA COLLECTION,14,https://www.sephora.com/productimages/sku/s2398261-main-zoom.jpg?pb=2020-03-sephora-value-2020&imwidth=164
Salicylic Acid 2% Masque,Face Masks,The Ordinary,29.7,https://www.sephora.com/productimages/sku/s2267581-main-zoom.jpg?imwidth=164
Jet Lag Mask,Face Masks,Summer Fridays,34,https://www.sephora.com/productimages/sku/s2473361-main-zoom.jpg?pb=2020-03-sephora-clean-2019&imwidth=164
Pore Minimizing Instant Detox Mask,Face Masks,Caudalie,26,https://www.sephora.com/productimages/sku/s1698018-main-zoom.jpg?pb=clean-planet-positive-badge-2021&imwidth=164
V-Facial Instant Depuffing Face Mask,Face Masks,Clarins,67,https://www.sephora.com/productimages/sku/s1819952-main-zoom.jpg?imwidth=164
Clear Start Blackhead Clearing Fizz Mask,Face Masks,Dermalogica,34,https://www.sephora.com/productimages/sku/s2147064-main-zoom.jpg?imwidth=164
